Rank,Romanian,English,,Notes
1,de,of,,"1) This list was created using public/free subtitles, particularly from opensubtitles.org."
2,nu,not,,The order is based on the number of occurences of each word in the subtitles.
3,să,to,,
4,o,a,,2) The English translation is by Google and can be un-reliable for some words.
5,a,of,,
6,e,E.,,3) You can change the translation from English to another language.
7,ce,what the,,To do this you will first need to make a copy of this spreadsheet.  (File > Make a copy...)
8,am,I have,,"Then replace the ""en"" in the function in the cells in Column C with your desired language code."
9,şi,and,,"e.g. Replace ""en"" with ""sv"" for Swedish."
10,în,in the,,List of supported languages:
11,la,to,,https://cloud.google.com/translate/v2/using_rest?hl=en#language-params
12,că,that,,
13,pe,on,,4) The original source of this list can be found here:
14,cu,with,,https://invokeit.wordpress.com/frequency-word-lists/
15,un,a,,
16,mai,May,,5) It is licensed under the following Creative Commons license:
17,te,yourself,,http://creativecommons.org/licenses/by-sa/3.0/
18,ai,you,,
19,asta,to stay,,6) More Most Common word lists (other languages) can be found here:
20,pentru,for,,http://www.101languages.net/common-words/
21,ca,that,,
22,sunt,are,,
23,da,Yes,,
24,bine,good,,
25,mă,me,,
26,este,It is,,
27,sa,to,,
28,se,it,,
29,dar,but,,
30,din,from,,
31,aici,here,,
32,care,which,,
33,i,and,,
34,eu,I,,
35,fi,be,,
36,si,and,,
37,fost,former,,
38,trebuie,must,,
39,ar,would,,
40,dacă,if,,
41,va,will,,
42,tu,you,,
43,cum,How,,
44,aşa,so,,
45,acum,now,,
46,mi,ml,,
47,au,have,,
48,eşti,you,,
49,ne,us,,
50,ceva,something,,
51,l,it,,
52,mine,me,,
53,tine,YOU,,
54,vă,yourself,,
55,doar,only,,
56,lui,his,,
57,când,When,,
58,in,in the,,
59,el,he,,
60,îmi,I,,
61,pot,can,,
62,cred,I guess,,
63,unde,where,,
64,poate,may be,,
65,voi,Vol,,
66,ei,They,,
67,mea,my,,
68,face,do what,,
69,ţi,and,,
70,ştiu,know,,
71,vreau,I want,,
72,meu,my,,
73,vrei,want,,
74,spus,SAPS,,
75,acolo,there,,
76,tot,all,,
77,foarte,very,,
78,mult,a lot,,
79,le,they,,
80,bună,Hi,,
81,faci,do,,
82,sau,or,,
83,chiar,even,,
84,nici,neither,,
85,noi,we,,
86,nimic,nothing,,
87,pare,seems,,
88,era,It was,,
89,ta,your,,
90,despre,about,,
91,cine,who,,
92,are,It has,,
93,ea,she,,
94,ştii,Know,,
95,fac,do,,
96,ma,me,,
97,făcut,made,,
98,rog,PLEASE,,
99,îţi,you,,
100,fie,or,,
101,putea,can,,
102,rău,bad,,
103,al,of,,
104,spun,I say,,
105,trebui,have,,
106,poţi,You can,,
107,haide,Come on,,
108,nevoie,need,,
109,atunci,then,,
110,avem,we,,
111,mulţumesc,thanks,,
112,prea,too,,
113,tău,your,,
114,aş,I would,,
115,spune,say,,
116,îl,him,,
117,timp,time,,
118,după,after,,
119,ani,years,,
120,cineva,someone,,
121,domnule,mister,,
122,vor,will,,
123,vom,we will,,
124,îi,him,,
125,hei,Hey,,
126,bun,good,,
127,vei,you,,
128,ăsta,to stay,,
129,vrea,like,,
130,oh,Oh,,
131,cel,the,,
132,stai,stay,,
133,toate,all,,
134,asa,so,,
135,mare,big,,
136,suntem,WE,,
137,sigur,sure,,
138,crezi,believe,,
139,esti,you,,
140,hai,let's,,
141,totul,all,,
142,până,until,,
143,venit,income,,
144,cât,How,,
145,iar,and,,
146,deci,so,,
147,spui,say,,
148,aţi,you,,
149,place,like,,
150,mergem,Go,,
151,avea,have,,
152,încă,yet,,
153,văzut,seen,,
154,daca,if,,
155,regulă,rule,,
156,naiba,heck,,
157,niciodată,never,,
158,atât,so much,,
159,mama,mother,,
160,acest,this,,
161,putem,can,,
162,fel,kind,,
163,fără,free,,
164,vezi,see,,
165,avut,HAD,,
166,uite,look,,
167,nimeni,no one,,
168,fii,sons,,
169,puţin,little bit,,
170,decât,than,,
171,văd,I'm seeing,,
172,aia,that,,
173,ia,takes,,
174,loc,place,,
175,jos,down,,
176,toţi,all,,
177,toată,all,,
178,unul,one,,
179,astea,these,,
180,prin,through,,
181,facem,we make,,
182,ti,you,,
183,ceea,EAEC,,
184,lumea,the world,,
185,zi,day,,
186,oameni,people,,
187,lucru,working,,
188,înainte,before,,
189,dat,given,,
190,acasă,the home,,
191,apoi,then,,
192,nişte,some,,
193,întâmplat,happen,,
194,stiu,know,,
195,timpul,time,,
196,vino,come over,,
197,auzit,heard,,
198,doi,two,,
199,fiu,son,,
200,multe,many,,
201,nou,new,,
202,oamenii,people,,
203,fiecare,every,,
204,doamne,gosh,,
205,două,two,,
206,cei,the,,
207,om,man,,
208,orice,anything,,
209,dle,Mr.,,
210,peste,over,,
211,duc,lead,,
212,numele,name,,
213,cea,the,,
214,trei,three,,
215,gata,ready,,
216,ok,K,,
217,omule,man,,
218,înapoi,back,,
219,numai,no more,,
220,bani,money,,
221,luat,taken,,
222,repede,quick,,
223,viaţa,life,,
224,zis,said,,
225,lor,their,,
226,vedem,We see,,
227,mele,my,,
228,merge,go,,
229,dau,give,,
230,ziua,day,,
231,vin,wine,,
232,grijă,care,,
233,una,one,,
234,parte,part,,
235,serios,seriously,,
236,vrut,WANTED,,
237,afară,outside,,
238,vine,it's coming,,
239,vorbesc,I'm talking,,
240,noapte,night,,
241,fata,face,,
242,cam,about,,
243,dintre,from,,
244,eram,we were,,
245,imi,I,,
246,aproape,close,,
247,stii,Know,,
248,deja,already,,
249,dată,date,,
250,această,This one,,
251,sunteţi,you,,
252,casa,home,,
253,destul,enough,,
254,adevărat,true,,
255,singur,single,,
256,iau,I take,,
257,locul,the place,,
258,cand,When,,
259,banii,the money,,
260,ori,or,,
261,spre,to,,
262,câteva,some,,
263,iubesc,I love,,
264,nostru,our,,
265,seara,in the evening,,
266,ăla,that,,
267,tale,your,,
268,prima,received,,
269,imediat,immediate,,
270,ajuns,made,,
271,dracu,hell,,
272,tatăl,father,,
273,înseamnă,means,,
274,tata,father,,
275,ştie,know,,
276,exact,exact,,
277,azi,today,,
278,găsit,finder,,
279,aceasta,This one,,
280,scuze,Sorry,,
281,copii,BOYS,,
282,drumul,the road,,
283,simt,sense,,
284,acesta,this,,
285,buna,Hi,,
286,poti,You can,,
287,treaba,the job,,
288,terminat,finished,,
289,partea,the,,
290,noastră,Our,,
291,dumnezeu,God,,
292,lucruri,things,,
293,întâmplă,happen,,
294,târziu,Late,,
295,plec,I am leaving,,
296,as,I would,,
297,trebuia,had,,
298,frumos,beautiful,,
299,sus,up,,
300,zile,days,,
301,mie,thousand,,
302,tocmai,just,,
303,multumesc,thanks,,
304,tată,father,,
305,mereu,always,,
306,dreptate,justice,,
307,aveţi,you have,,
308,adică,namely,,
309,mâine,tomorrow,,
310,putut,could,,
311,mei,my,,
312,fapt,fact,,
313,aşteaptă,Wait,,
314,tare,loud,,
315,dai,you,,
316,dumnezeule,Dear good,,
317,unui,a,,
318,plecat,gone,,
319,trecut,last,,
320,facă,make,,
321,probabil,probable,,
322,pierdut,lost,,
323,lucrurile,the things,,
324,măcar,even,,
325,mamă,mother,,
326,cele,the,,
327,dvs,you,,
328,păi,Well,,
329,departe,far away,,
330,sub,under the,,
331,început,beginning,,
332,viaţă,life,,
333,minute,minutes,,
334,împreună,together,,
335,există,there is,,
336,aceea,that,,
337,data,date,,
338,sper,hope,,
339,crezut,thought,,
340,ba,nay,,
341,minunat,wonderful,,
342,vreo,some,,
343,problema,problem,,
344,murit,DIED,,
345,duci,go,,
346,femeie,woman,,
347,vorba,words,,
348,facut,made,,
349,băieţi,guys,,
350,tipul,type,,
351,înţeleg,I see,,
352,erau,They were,,
353,ajutor,help,,
354,ale,of,,
355,merg,go,,
356,camera,the room,,
357,rau,bad,,
358,mort,dead,,
359,poftim,here you go,,
360,înţeles,meaning,,
361,greu,hard,,
362,vii,are you coming,,
363,iti,you,,
364,desigur,Of course,,
365,vorbeşti,talk,,
366,rahat,bullshit,,
367,ul,the,,
368,noaptea,the night,,
369,idee,idea,,
370,ati,you,,
371,griji,worry,,
372,vedea,see,,
373,trebuit,had,,
374,ultima,last,,
375,dus,shower,,
376,primul,the first,,
377,bune,good,,
378,îşi,their,,
379,aceste,these,,
380,ajunge,that's enough,,
381,întotdeauna,ever,,
382,noastre,our,,
383,ascultă,listen,,
384,iei,take,,
385,mergi,go,,
386,simţi,feel,,
387,copil,child,,
388,duce,lead,,
389,seama,out,,
390,tip,type,,
391,pus,put,,
392,cap,head,,
393,credeam,I thought,,
394,lume,world,,
395,ochii,the eyes,,
396,salut,Hello,,
397,oricum,anyway,,
398,probleme,problems,,
399,adus,brought,,
400,dl,Mister,,
401,ajuta,it helps,,
402,n,N.,,
403,tau,your,,
404,maşina,car,,
405,cer,heaven,,
406,pune,put,,
407,faceţi,make,,
408,uitat,forgotten,,
409,zici,about,,
410,moment,time,,
411,cauza,Cause,,
412,dolari,dollars,,
413,cunosc,know,,
414,dragă,Dear,,
415,pic,bit,,
416,faţă,face,,
417,alo,Hello,,
418,taci,remain silent,,
419,problemă,problem,,
420,lua,take,,
421,gândit,thought,,
422,vreodată,ever,,
423,faţa,face,,
424,odată,once time,,
425,ele,they,,
426,mulţi,many,,
427,ciudat,strange,,
428,ore,hours,,
429,viata,life,,
430,dupa,after,,
431,s,S,,
432,unei,of a,,
433,joc,game,,
434,veni,come,,
435,casă,home,,
436,luni,months,,
437,vorbim,talk,,
438,fată,face,,
439,între,between,,
440,pleacă,leaves,,
441,altceva,something else,,
442,grozav,that's great,,
443,maşină,car,,
444,fiul,sonny,,
445,crede,believe,,
446,il,it,,
447,puteţi,you can,,
448,prieten,friend,,
449,pleci,leave,,
450,uşor,Easy,,
451,prins,caught,,
452,omul,the man,,
453,corect,correct,,
454,cinci,five,,
455,telefon,phone,,
456,mâna,hand,,
457,patru,four,,
458,stau,stay,,
459,ora,hour,,
460,ales,chosen,,
461,bucur,joy,,
462,lângă,by,,
463,fratele,brother,,
464,doamnă,Ms,,
465,câte,by,,
466,doua,two,,
467,urmă,follow,,
468,familia,the family,,
469,pun,put,,
470,frumoasă,beautiful,,
471,domnul,Mr,,
472,pace,peace,,
473,auzi,hear,,
474,cale,way,,
475,înţelegi,understand,,
476,altă,other,,
477,vorbit,spoken,,
478,important,important,,
479,revedere,revision,,
480,aveam,I used to have,,
481,prieteni,friendship,,
482,fă,Make,,
483,singură,one,,
484,toti,all,,
485,siguranţă,safety,,
486,încercat,tried,,
487,inima,heart,,
488,capul,head,,
489,simplu,simple,,
490,putin,little bit,,
491,mersi,thanks,,
492,jack,jack,,
493,john,John.,,
494,vina,fault,,
495,chestia,the thing,,
496,drum,road,,
497,spate,back,,
498,ii,yl,,
499,oraş,Town,,
500,lăsat,dropped off,,
501,mic,little,,
502,las,coward,,
503,ştiţi,KNOW,,
504,veţi,will you,,
505,bărbat,man,,
506,zic,say,,
507,acord,agreement,,
508,plecăm,leave,,
509,uita,forget,,
510,treabă,the job,,
511,noroc,luck,,
512,ieşi,go out,,
513,dimineaţa,morning,,
514,arată,to miss,,
515,încredere,trust,,
516,prietenul,the friend,,
517,frate,brother,,
518,nebun,crazy,,
519,plac,liking,,
520,pleca,leave,,
521,curând,soon,,
522,dr,Dr.,,
523,ucis,murdered,,
524,minte,mind,,
525,apă,the water,,
526,sã,to,,
527,vreţi,want,,
528,pasă,pasha,,
529,pui,chicken,,
530,singura,one,,
531,pa,bye,,
532,vorbi,TALK,,
533,întorc,return,,
534,nouă,nine,,
535,soţia,wife,,
536,vazut,seen,,
537,mari,big,,
538,asemenea,also,,
539,primit,received,,
540,aduc,bring,,
541,deloc,not at all,,
542,alte,other,,
543,tăi,thy,,
544,ţine,keep,,
545,caz,case,,
546,parcă,park,,
547,întoarce,turn,,
548,încearcă,try,,
549,către,by,,
550,sta,stay,,
551,sunat,call,,
552,acel,that,,
553,nume,name,,
554,aud,I hear,,
555,spatele,the back,,
556,perfect,perfect,,
557,ajut,help,,
558,întors,returned,,
559,acela,that,,
560,niciodata,never,,
561,haideţi,come on,,
562,ştiam,I knew,,
563,rămâne,remain,,
564,întâmpla,happen,,
565,fara,free,,
566,buni,Top,,
567,naibii,hell,,
568,vreme,times,,
569,pana,until,,
570,domnilor,gentlemen,,
571,fericit,happy,,
572,singurul,the only one,,
573,contează,counts,,
574,astăzi,today,,
575,niste,some,,
576,an,year,,
577,draga,Dear,,
578,drăguţ,cute,,
579,începe,you start,,
580,ăştia,these,,
581,copiii,the kids,,
582,numărul,number,,
583,afara,outside,,
584,trimis,Submitted,,
585,erai,you were,,
586,doamna,Ms,,
587,the,The,,
588,nicio,any,,
589,abia,only,,
590,alt,other,,
591,încerc,try,,
592,urma,follow,,
593,înăuntru,in,,
594,prost,dumbass,,
595,gura,the mouth,,
596,lăsa,leave,,
597,găsi,find,,
598,alea,those,,
599,mâinile,hands,,
600,astfel,so,,
601,mică,small,,
602,vad,I'm seeing,,
603,cumva,perhaps,,
604,legătură,link,,
605,uşa,door,,
606,gândesc,I think,,
607,new,new,,
608,rămas,remaining,,
609,ştim,stimulus,,
610,copilul,the child,,
611,regula,rule,,
612,vreun,any,,
613,adevărul,truth,,
614,foc,fire,,
615,deschide,open,,
616,undeva,somewhere,,
617,sun,call,,
618,întreb,I'm asking,,
619,familie,family,,
620,zice,say,,
621,inca,yet,,
622,mod,mode,,
623,drept,Right,,
624,moarte,death,,
625,altfel,otherwise,,
626,toata,all,,
627,vină,guilt,,
628,oră,hour,,
629,arăţi,show,,
630,restul,restore,,
631,cunoscut,known,,
632,jumătate,half,,
633,amintesc,remember,,
634,sora,sister,,
635,intrat,entered,,
636,devreme,early,,
637,jur,around,,
638,arma,weapon,,
639,cazul,case,,
640,fim,be,,
641,cheamă,call,,
642,cat,How,,
643,împotriva,against,,
644,ah,Ah,,
645,acea,that,,
646,luăm,take,,
647,frică,fear,,
648,lasă,leave,,
649,asupra,on,,
650,voastră,your,,
651,poliţia,the police,,
652,vrem,WANT,,
653,dumneavoastră,your,,
654,milioane,MILLION,,
655,scris,written,,
656,întâi,first,,
657,găsesc,I find,,
658,unu,one,,
659,reuşit,successful,,
660,acelaşi,same,,
661,vadă,will give,,
662,amice,pal,,
663,mers,walking,,
664,amândoi,both,,
665,dă,Yes,,
666,fugi,run,,
667,sfârşit,the end,,
668,ultimul,the last one,,
669,vorbeşte,speaks,,
670,dimineaţă,morning,,
671,intră,get in,,
672,pat,bed,,
673,uit,look,,
674,fiica,daughter,,
675,exista,there is,,
676,posibil,possible,,
677,motiv,reason,,
678,apa,the water,,
679,dragoste,love,,
680,treci,Skip,,
681,genul,kind,,
682,său,or,,
683,pământ,earth,,
684,băiat,boy,,
685,stat,state,,
686,gând,thinking,,
687,sună,sounds,,
688,femei,Ladies,,
689,tuturor,all,,
690,ci,but,,
691,dracului,hell,,
692,aduce,bring,,
693,bineînţeles,of course,,
694,arăt,show,,
695,felul,the kind,,
696,prietenii,friends,,
697,trage,shoot,,
698,prietene,girlfriends,,
699,multă,much,,
700,sunteti,are,,
701,sigură,secure,,
702,dea,give,,
703,ochi,eyes,,
704,film,movie,,
705,niciun,none,,
706,momentul,time,,
707,joe,Joe.,,
708,război,war,,
709,iubito,honey,,
710,omorât,killed,,
711,plăcere,pleasure,,
712,echipa,team,,
713,trece,pass,,
714,devenit,became,,
715,plăcut,pleasant,,
716,moartea,the death,,
717,şcoală,school,,
718,scrie,write,,
719,totuşi,however,,
720,ştiut,knew,,
721,acasa,the home,,
722,muri,die,,
723,schimbat,change,,
724,intra,get in,,
725,îti,you,,
726,grija,care,,
727,frank,Frank,,
728,george,George,,
729,liber,free,,
730,amuzant,funny,,
731,ajung,get,,
732,doctor,doctor,,
733,masina,car,,
734,sam,Sat.,,
735,altcineva,someone else,,
736,laşi,leave,,
737,picioare,legs,,
738,sânge,blood,,
739,direct,direct,,
740,petrecere,party,,
741,ţie,to you,,
742,staţi,stay,,
743,sînt,are,,
744,cameră,the room,,
745,voie,will,,
746,charlie,Charlie,,
747,ieri,yesterday,,
748,pur,pure,,
749,viitoare,upcoming,,
750,normal,normal,,
751,greşit,wrong,,
752,mor,I am dying,,
753,şase,six,,
754,persoană,the person,,
755,traducerea,the translation,,
756,aştept,look,,
757,special,special,,
758,toţii,all,,
759,atat,both,,
760,fiule,sonny,,
761,cerut,asked for,,
762,atâta,so much,,
763,anul,the year,,
764,unii,some,,
765,sex,sex,,
766,lovit,hit,,
767,aer,air,,
768,povestea,the story,,
769,omor,murder,,
770,ideea,idea,,
771,minut,minute,,
772,ieşit,exit,,
773,aminteşti,remember,,
774,săptămâni,wEEKLY,,
775,afla,find out,,
776,uneori,sometimes,,
777,faptul,the fact,,
778,domnului,Mr.,,
779,mâncare,food,,
780,york,York,,
781,tom,tome,,
782,stie,know,,
783,spună,tell,,
784,dori,like,,
785,băiete,boy,,
786,aibă,have,,
787,şansă,chance,,
788,doctore,doctorate,,
789,aflat,found,,
790,seară,in the evening,,
791,asculta,listen,,
792,michael,Michael.,,
793,atent,careful,,
794,zece,ten,,
795,dăm,give,,
796,munca,the work,,
797,soţul,husband,,
798,alta,other,,
799,uiţi,look,,
800,clar,clear,,
801,obicei,custom,,
802,plus,addition,,
803,caut,I search,,
804,aminte,memory,,
805,afaceri,business,,
806,veniţi,coming,,
807,cafea,coffee,,
808,decat,than,,
809,david,Davide,,
810,plăcea,like,,
811,dragostea,love,,
812,inainte,before,,
813,ceilalţi,the others,,
814,cunoşti,know,,
815,dreapta,right,,
816,gură,the mouth,,
817,oricine,anyone,,
818,aduci,bring,,
819,prietena,girlfriend,,
820,muncă,the work,,
821,trecută,last,,
822,ordine,order,,
823,priveşte,look,,
824,aveti,you have,,
825,încât,that,,
826,noua,nine,,
827,spital,hospital,,
828,celor,the,,
829,promit,I promise,,
830,şti,know,,
831,gândeam,thinking,,
832,cui,nail,,
833,foame,hunger,,
834,intre,between,,
835,gândeşti,think,,
836,întâlnit,meeting,,
837,băiatul,boy,,
838,rămâi,stay,,
839,sale,its,,
840,lucrez,I'm working,,
841,doamnelor,Ladies,,
842,vroiam,I wanted,,
843,uh,uh,,
844,poveste,story,,
845,hey,hey.,,
846,cartea,book,,
847,puterea,the power,,
848,anume,certain,,
849,crăciun,Christmas,,
850,învăţat,learned,,
851,m,M.,,
852,fete,girls,,
853,rost,sense,,
854,puternic,strong,,
855,termină,finish,,
856,c,C.,,
857,luptă,the fight,,
858,găsim,find,,
859,mamei,mother,,
860,mână,hand,,
861,sincer,sincere,,
862,fiţi,be,,
863,lupta,the fight,,
864,complet,completely,,
865,însă,but,,
866,opri,stop,,
867,voiam,wanted,,
868,închisoare,prison,,
869,lumina,the light,,
870,mii,THOUSAND,,
871,pregătit,prepared,,
872,masa,table,,
873,mike,Mike,,
874,ţii,keep,,
875,dreptul,the right,,
876,biroul,the desk,,
877,femeia,woman,,
878,acestea,these,,
879,plece,GO OF,,
880,super,Super,,
881,speriat,scared,,
882,fundul,ass,,
883,întrebat,questioned,,
884,schimb,change,,
885,oamenilor,people,,
886,femeile,the women,,
887,vedeţi,see,,
888,pai,Well,,
889,carte,book,,
890,bravo,Bravo,,
891,fiindcă,because,,
892,clipă,moment,,
893,întrebare,question,,
894,dispărut,missing,,
895,stă,stands,,
896,încerca,try,,
897,furat,stealing,,
898,intamplat,happen,,
899,suna,sounds,,
900,fetele,girls,,
901,urăsc,I hate,,
902,încerci,try,,
903,adevarat,true,,
904,tati,Daddy,,
905,dimineata,morning,,
906,dormi,are you sleeping,,
907,dor,longing,,
908,iisuse,Jesus,,
909,absolut,absolute,,
910,cauţi,look,,
911,stare,condition,,
912,ţin,I hold,,
913,ajutorul,help,,
914,atenţie,Careful,,
915,părinţii,the parents,,
916,vechi,old,,
917,oraşul,the city,,
918,baie,bathroom,,
919,you,You.,,
920,săptămână,week,,
921,adaptarea,the adaptation,,
922,vostru,your,,
923,omoare,Kill,,
924,ucide,kill,,
925,intampla,happen,,
926,ies,out,,
927,america,America,,
928,telefonul,phone,,
929,puteam,could,,
930,citit,read,,
931,nenorocit,wretched,,
932,căpitane,Captain,,
933,ajute,help,,
934,negru,black,,
935,spunem,tell,,
936,regele,The King,,
937,întâlnire,meeting,,
938,vremea,the weather,,
939,slujba,job,,
940,luaţi,take,,
941,personal,personal,,
942,www,www.,,
943,arata,to miss,,
944,luna,month,,
945,noştri,our,,
946,bea,drink,,
947,unele,some,,
948,accident,accident,,
949,ăia,that,,
950,câine,dog,,
951,mici,sMALL,,
952,schimba,change,,
953,caută,search for,,
954,spuneţi,tell,,
955,masă,table,,
956,ro,EN,,
957,harry,Harry,,
958,continuă,keep going,,
959,bob,grain,,
960,adevăr,truth,,
961,inapoi,back,,
962,zona,area,,
963,băut,drinking,,
964,află,find out,,
965,mori,die,,
966,stea,star,,
967,secunde,seconds,,
968,folosit,used,,
969,nebunie,madness,,
970,ala,that,,
971,scumpo,sweetheart,,
972,uită,forget,,
973,teamă,the fear,,
974,tai,your,,
975,linişte,Quiet,,
976,totdeauna,always,,
977,câştigat,win,,
978,aceeaşi,same,,
979,birou,office,,
980,oară,time,,
981,ajungem,get,,
982,doresc,I want,,
983,credeţi,think,,
984,pierde,lose,,
985,cina,dinner,,
986,suficient,sufficient,,
987,arme,arms,,
988,secret,secret,,
989,meargă,go,,
990,drăguţă,sweetheart,,
991,dv,your,,
992,paul,Paule,,
993,spunea,said,,
994,simţit,sense,,
995,fund,background,,
996,picioarele,legs,,
997,plan,plan,,
998,plin,full,,
999,întrebări,question,,
1000,mesaj,message,,
1001,mda,MDA,,
1002,şeful,head,,
1003,salvat,saved,,
1004,cã,that,,
1005,doare,it hurts,,
1006,plecaţi,Depart,,
1007,precum,like,,
1008,jimmy,Jimmy,,
1009,trimite,send,,
1010,ajungi,get,,
1011,ben,Ben.,,
1012,vedere,view,,
1013,continua,keep going,,
1014,vieţii,life,,
1015,muzica,the music,,
1016,termina,finish,,
1017,lasa,leave,,
1018,poliţie,police,,
1019,simte,feels,,
1020,jurul,around,,
1021,încoace,here,,
1022,intru,enter,,
1023,promis,promise,,
1024,cealaltă,other,,
1025,vede,sees,,
1026,altul,another,,
1027,încet,slow,,
1028,putere,power,,
1029,săptămâna,week,,
1030,avion,plane,,
1031,întorci,return,,
1032,alături,together,,
1033,oprit,torn off,,
1034,băieţii,boys,,
1035,lună,month,,
1036,lucrat,wrought,,
1037,mary,Maryse,,
1038,găseşti,find,,
1039,lumii,world,,
1040,asteapta,Wait,,
1041,aur,gold,,
1042,noastra,Our,,
1043,închis,closed,,
1044,tatal,FATHER,,
1045,ha,Ha,,
1046,scoate,take out,,
1047,cuvânt,word,,
1048,crescut,grown,,
1049,răspunde,reply,,
1050,cere,ask,,
1051,doctorul,doctor,,
1052,ocup,deal,,
1053,ocupat,busy,,
1054,căzut,fell,,
1055,imposibil,impossible,,
1056,potrivit,right,,
1057,deschis,open,,
1058,calea,path,,
1059,tatălui,father,,
1060,d,D.,,
1061,începem,Started,,
1062,micul,Breakfast,,
1063,planul,the plan,,
1064,voastre,your,,
1065,omori,kill,,
1066,joci,play,,
1067,gasit,finder,,
1068,james,James,,
1069,general,general,,
1070,fericită,happy,,
1071,henry,Henry,,
1072,câţiva,a few,,
1073,ajuţi,help,,
1074,presupun,I suppose,,
1075,interesant,interesting,,
1076,chestii,things,,
1077,peter,Peter,,
1078,deasupra,on top,,
1079,multi,many,,
1080,vorbesti,talk,,
1081,aceşti,these,,
1082,câţi,how many,,
1083,prinde,catch,,
1084,printre,through,,
1085,noul,the new,,
1086,atinge,achieve,,
1087,mintea,minds,,
1088,max,MAX,,
1089,întreaga,around,,
1090,control,control,,
1091,pierd,lose,,
1092,cuvinte,wORDS,,
1093,unchiul,uncle,,
1094,hotel,hotel,,
1095,poliţist,policeman,,
1096,acestui,this,,
1097,slujbă,work,,
1098,simti,feel,,
1099,sufletul,soul,,
1100,folosi,use,,
1101,deoarece,because,,
1102,tem,fear,,
1103,trec,I pass,,
1104,rând,row,,
1105,mişcă,move,,
1106,conduce,lead,,
1107,echipă,team,,
1108,situaţia,the situation,,
1109,minunată,wonderful,,
1110,celălalt,the other one,,
1111,încep,start,,
1112,fiind,being,,
1113,stăm,stay,,
1114,periculos,dangerous,,
1115,acestei,this,,
1116,faceti,make,,
1117,trag,shoot,,
1118,vis,dream,,
1119,bere,beer,,
1120,dna,Ms,,
1121,lucrezi,You work,,
1122,armă,weapon,,
1123,opt,eight,,
1124,rapid,fast,,
1125,ºi,and,,
1126,petrece,spend,,
1127,nord,north,,
1128,acele,those,,
1129,par,hair,,
1130,lucrează,work,,
1131,rece,cold,,
1132,iubeşti,love,,
1133,b,B.,,
1134,tras,fired,,
1135,droguri,drugs,,
1136,păcat,sin,,
1137,iubit,beloved,,
1138,incredibil,incredible,,
1139,stânga,Left,,
1140,billy,Billy,,
1141,născut,born,,
1142,faca,make,,
1143,succes,success,,
1144,prostii,Nonsense,,
1145,rănit,injured,,
1146,alb,white,,
1147,serviciu,service,,
1148,jocul,the game,,
1149,conduc,I am driving,,
1150,rămân,remain,,
1151,greşeală,mistake,,
1152,oare,really,,
1153,strada,the street,,
1154,fetelor,girls,,
1155,american,American,,
1156,frumoasa,beautiful,,
1157,evident,obvious,,
1158,morţi,dead,,
1159,răspuns,answer,,
1160,punct,point,,
1161,exemplu,example,,
1162,usor,Easy,,
1163,puteti,you can,,
1164,trăiesc,I'm alive,,
1165,usa,door,,
1166,scăpat,got rid,,
1167,na,N / A,,
1168,mergeţi,go,,
1169,domnişoară,Ms.,,
1170,câteodată,sometimes,,
1171,pericol,danger,,
1172,of,of,,
1173,întoarcem,return,,
1174,bill,Billie,,
1175,ray,Ray.,,
1176,felicitări,congratulations,,
1177,mâncat,eat,,
1178,persoane,people,,
1179,închide,hang up,,
1180,vorbească,speak,,
1181,eddie,Eddie,,
1182,cină,dinner,,
1183,legătura,link,,
1184,sud,south,,
1185,aflu,find,,
1186,scos,out,,
1187,folosesc,use,,
1188,idiot,idiotic,,
1189,iubire,love,,
1190,bate,beat,,
1191,împuşcat,gun,,
1192,corpul,the body,,
1193,interesează,AFFECTING,,
1194,înţelege,understand,,
1195,punem,we,,
1196,primi,receive,,
1197,rea,bad,,
1198,metri,Metra,,
1199,diseară,tonight,,
1200,scot,out,,
1201,baieti,boyish,,
1202,fugit,FLED,,
1203,alex,Alexi,,
1204,johnny,Johnny,,
1205,cuvântul,the word,,
1206,numesc,call,,
1207,ţară,the country,,
1208,scuzaţi,excuse,,
1209,pierzi,You lose,,
1210,arăta,to miss,,
1211,armata,army,,
1212,macar,even,,
1213,viitor,future,,
1214,atac,attack,,
1215,nick,Nick,,
1216,distrus,destroyed,,
1217,frumoase,beautiful,,
1218,şapte,seven,,
1219,ţara,the country,,
1220,moară,mill,,
1221,permite,Enable,,
1222,nenorocitule,motherfucker,,
1223,sergent,sergeant,,
1224,proastă,stupid,,
1225,piciorul,leg,,
1226,mişca,move,,
1227,maine,tomorrow,,
1228,adica,meaning,,
1229,opreşte,stops,,
1230,dorit,wanted,,
1231,zilele,days,,
1232,sfârşitul,end,,
1233,aştepta,wait,,
1234,hainele,the clothes,,
1235,plătit,paid,,
1236,deveni,become,,
1237,supărat,upset,,
1238,and,And.,,
1239,paris,Paris,,
1240,tânăr,young man,,
1241,întâmple,happen,,
1242,rege,king,,
1243,apărut,published,,
1244,plină,full,,
1245,port,I'm wearing,,
1246,daţi,give,,
1247,diferit,different,,
1248,sir,row,,
1249,persoana,the person,,
1250,frica,fear,,
1251,sosit,arrive,,
1252,adevărată,true,,
1253,intri,get,,
1254,trimit,send,,
1255,întâlnim,meet,,
1256,grămadă,heap,,
1257,bolnav,sick,,
1258,jim,Jim.,,
1259,mami,Mommy,,
1260,aştepţi,wait,,
1261,părul,the hair,,
1262,afacere,business,,
1263,ajutat,helped,,
1264,chestie,stuff,,
1265,inseamna,means,,
1266,oriunde,anywhere,,
1267,aseară,last night,,
1268,trezit,woken up,,
1269,uşă,door,,
1270,aşteptaţi,wait,,
1271,final,final,,
1272,tony,Tony,,
1273,baza,the base,,
1274,glumeşti,You're kidding,,
1275,secundă,second,,
1276,armele,weapons,,
1277,sens,sense,,
1278,aruncat,threw,,
1279,minţi,lying,,
1280,petrecerea,party,,
1281,okay,Okaya,,
1282,veti,will you,,
1283,încetează,ends,,
1284,moartă,dying,,
1285,privire,look,,
1286,decis,determined,,
1287,beau,I drink,,
1288,cadou,gift,,
1289,tarziu,Late,,
1290,t,T.,,
1291,cheia,the key,,
1292,plătesc,I pay,,
1293,singuri,themselves,,
1294,mişto,cool,,
1295,or,Or,,
1296,mica,small,,
1297,grea,tough,,
1298,avocat,lawyer,,
1299,deranjează,disturb,,
1300,lăsăm,leave,,
1301,crimă,crime,,
1302,familiei,Family,,
1303,marea,the sea,,
1304,alţii,others,,
1305,vorbă,words,,
1306,mr,Mr.,,
1307,cumpărat,bought,,
1308,cal,horse,,
1309,companie,company,,
1310,numit,appointed,,
1311,depinde,depends,,
1312,sistemul,the system,,
1313,marele,great,,
1314,sint,are,,
1315,san,breast,,
1316,merită,deserve,,
1317,locuri,seats,,
1318,filmul,the movie,,
1319,sângele,blood,,
1320,părea,look,,
1321,soldat,soldier,,
1322,joacă,play,,
1323,următorul,next,,
1324,ştiai,you know,,
1325,doilea,second,,
1326,sarah,Sarah,,
1327,semn,signal,,
1328,poartă,gate,,
1329,bobby,Bobby,,
1330,suni,call,,
1331,petrecut,spent,,
1332,pariu,bet,,
1333,stiti,know,,
1334,ducem,take,,
1335,bărbaţi,Barbie,,
1336,apropo,by the way,,
1337,propria,own,,
1338,magazin,store,,
1339,nimănui,anyone,,
1340,mulţumim,thank you,,
1341,placă,plate,,
1342,bătut,beaten,,
1343,ultimele,latest,,
1344,glumă,joke,,
1345,carne,meat,,
1346,excelent,excellent,,
1347,jake,Jake,,
1348,părinte,parent,,
1349,dorm,I'm sleeping,,
1350,agent,agent,,
1351,onoare,honor,,
1352,ceai,what do you have,,
1353,porţi,GATES,,
1354,londra,London,,
1355,avionul,the airplane,,
1356,respect,respect,,
1357,devine,gets,,
1358,uitaţi,Remember,,
1359,pari,you seem,,
1360,don,don,,
1361,real,real,,
1362,ascuns,hidden,,
1363,inceput,beginning,,
1364,mănâncă,EATING,,
1365,ştia,knew,,
1366,sotia,wife,,
1367,est,east,,
1368,iesi,out,,
1369,preşedinte,chairman,,
1370,întârziat,delayed,,
1371,lăsaţi,flabby,,
1372,pas,step,,
1373,huh,huh.,,
1374,tv,TV.,,
1375,cateva,some,,
1376,viitorul,the future,,
1377,des,frequently,,
1378,doreşti,want,,
1379,bătrân,old,,
1380,majoritatea,most of them,,
1381,to,to,,
1382,radio,radio,,
1383,ceasul,the clock,,
1384,zbor,flight,,
1385,richard,Richard.,,
1386,primesc,I'm getting,,
1387,danny,Danny,,
1388,chemat,called,,
1389,nicăieri,nowhere,,
1390,prezint,present,,
1391,surpriză,surprise,,
1392,capăt,end,,
1393,iubeşte,loves,,
1394,iubitule,boyfriend,,
1395,diferite,differently,,
1396,părăsit,leave,,
1397,câinele,dog,,
1398,scriu,write,,
1399,pământul,earth,,
1400,mijlocul,middle,,
1401,oras,Town,,
1402,scrisoare,letter,,
1403,obosit,tired,,
1404,steve,patience,,
1405,compania,company,,
1406,cuiva,ANYONE,,
1407,întrebi,ask,,
1408,curat,clean,,
1409,trăi,live,,
1410,jucat,played,,
1411,baltă,puddle,,
1412,informaţii,information,,
1413,vreti,want,,
1414,descoperit,found,,
1415,tommy,Tommy,,
1416,aveai,had,,
1417,părere,opinion,,
1418,urât,ugly,,
1419,mana,hand,,
1420,trecem,get,,
1421,dragul,sake,,
1422,războiul,the war,,
1423,clasa,class,,
1424,cheile,keys,,
1425,inteleg,understand,,
1426,ului,community,,
1427,termin,finish,,
1428,dulce,sweet,,
1429,ajungă,reach,,
1430,charles,Charles,,
1431,aşteptăm,we are waiting,,
1432,spectacol,show,,
1433,vi,VI.,,
1434,iată,there it is,,
1435,deşi,although,,
1436,dans,dance,,
1437,unchiule,uncle,,
1438,juca,play,,
1439,habar,idea,,
1440,nava,vessel,,
1441,stop,Stop,,
1442,cînd,occasionally,,
1443,celelalte,other,,
1444,odata,once time,,
1445,haine,clothes,,
1446,impreuna,together,,
1447,căpitanul,the captain,,
1448,rândul,row,,
1449,bar,bar,,
1450,stradă,the street,,
1451,nebună,madwoman,,
1452,focul,fire,,
1453,hmm,hmm,,
1454,indiferent,indifferent,,
1455,sute,HUNDREDS,,
1456,pasa,pasha,,
1457,bei,bey,,
1458,săturat,saturating,,
1459,filme,movie,,
1460,regina,Queen,,
1461,sti,know,,
1462,frig,cold,,
1463,funcţionează,working,,
1464,linia,the line,,
1465,veche,old,,
1466,doriţi,want,,
1467,prostie,folly,,
1468,afacerea,business,,
1469,urmează,it follows,,
1470,pt,for,,
1471,observat,noticed,,
1472,iese,out,,
1473,lista,list,,
1474,com,com,,
1475,dnă,Ms,,
1476,voia,will,,
1477,legat,bound,,
1478,alege,choose,,
1479,mulţime,LOT,,
1480,aşteptat,waiting,,
1481,club,club,,
1482,ni,us,,
1483,încercăm,we try,,
1484,dra,Miss,,
1485,prietenă,girlfriend,,
1486,puţină,some,,
1487,dejun,breakfast,,
1488,mănânci,eat,,
1489,adresa,Address,,
1490,ruşine,shame,,
1491,ieşim,out,,
1492,legea,the law,,
1493,şcoala,school,,
1494,apropie,COMING,,
1495,oferit,given,,
1496,devin,are,,
1497,tragi,shoot,,
1498,număr,number,,
1499,mâncarea,the food,,
1500,misiune,mission,,
1501,it,IT,,
1502,inteles,meaning,,
1503,preşedintele,President,,
1504,scoala,school,,
1505,isi,their,,
1506,prind,catch,,
1507,mutat,moved,,
1508,cald,warm,,
1509,limba,language,,
1510,explic,explain,,
1511,cărţi,books,,
1512,punctul,the point,,
1513,bunica,grandmother,,
1514,fa,fa,,
1515,ajută,it helps,,
1516,purta,BEHAVE,,
1517,milion,million,,
1518,ascult,listen,,
1519,tipii,yell,,
1520,j,J.,,
1521,grup,group,,
1522,recunosc,Recognize,,
1523,vest,west,,
1524,soarele,sun,,
1525,ascultaţi,Listen,,
1526,mingea,the ball,,
1527,idiotule,idiot,,
1528,importantă,importance,,
1529,stiam,I knew,,
1530,asculţi,listen,,
1531,rupt,torn,,
1532,numeşte,called,,
1533,distruge,destroy,,
1534,iad,hell,,
1535,lungă,long,,
1536,vreodata,ever,,
1537,centrul,the center,,
1538,ducă,lead,,
1539,miroase,smells,,
1540,datoria,duty,,
1541,aveau,had,,
1542,vocea,the voice,,
1543,târfă,slut,,
1544,salva,save,,
1545,pleaca,leaves,,
1546,nenorocitul,wretched,,
1547,căutat,looked up,,
1548,unite,United,,
1549,credem,think,,
1550,sala,Hall,,
1551,norocos,lucky,,
1552,ascunde,hide,,
1553,lucra,work,,
1554,acuma,now,,
1555,siguranta,safety,,
1556,descurc,handle,,
1557,întâlnesc,meet,,
1558,lumină,the light,,
1559,omorî,kill,,
1560,opresc,stop,,
1561,p,P.,,
1562,apartamentul,apartment,,
1563,ţinut,land,,
1564,arestat,custody,,
1565,nă,N / A,,
1566,tipi,guys,,
1567,tara,the country,,
1568,începi,start,,
1569,jane,Jane.,,
1570,atâtea,many,,
1571,afli,are,,
1572,poarta,gate,,
1573,câştiga,win,,
1574,veşti,news,,
1575,soţie,wife,,
1576,total,total,,
1577,rahatul,shit,,
1578,apare,appear,,
1579,pahar,glass,,
1580,controlul,control,,
1581,invitat,guest,,
1582,regulile,rules,,
1583,vârsta,age,,
1584,taxi,taxi,,
1585,groaznic,terrible,,
1586,ratat,lame duck,,
1587,animale,animated,,
1588,lung,long,,
1589,lee,Lee,,
1590,rugat,asked,,
1591,îndrăgostit,lover,,
1592,motivul,the reason,,
1593,inimă,heart,,
1594,verde,green,,
1595,profesor,professor,,
1596,lucrul,working,,
1597,meci,match,,
1598,stricat,broken,,
1599,intotdeauna,ever,,
1600,scurt,short,,
1601,chestiile,things,,
1602,gândi,think,,
1603,robert,Robert.,,
1604,larry,Larry,,
1605,stim,We know,,
1606,plăcută,pleasant,,
1607,aşteptam,we are waiting,,
1608,bătaie,beat,,
1609,distractiv,entertaining,,
1610,discutăm,discuss,,
1611,căsătorit,married,,
1612,unor,of,,
1613,asigur,assure,,
1614,bărbaţii,men,,
1615,maria,increase,,
1616,citesc,I read,,
1617,continuare,continuation,,
1618,iubirea,love,,
1619,dispari,get lost,,
1620,ridicol,ridiculous,,
1621,trăieşti,live,,
1622,angajat,employee,,
1623,will,WILLIAM,,
1624,gol,naked,,
1625,adu,get,,
1626,durere,pain,,
1627,făcea,was,,
1628,nunta,Wedding,,
1629,perfectă,perfect,,
1630,mark,MARKOS,,
1631,ofiţer,officer,,
1632,oprim,stop,,
1633,dragule,dear,,
1634,mişcare,motion,,
1635,bem,we drink,,
1636,chris,Chris.,,
1637,casei,house,,
1638,scape,escape,,
1639,trăieşte,lives,,
1640,cuvintele,words,,
1641,plimbare,walk,,
1642,picior,foot,,
1643,bunicul,the grandfather,,
1644,dincolo,beyond,,
1645,propriul,own,,
1646,formă,form,,
1647,roşu,Red,,
1648,conduci,lead,,
1649,superi,upset,,
1650,fierbinte,hot,,
1651,mândru,proud,,
1652,jerry,Jerry,,
1653,trenul,the train,,
1654,acelasi,same,,
1655,viu,alive,,
1656,morţii,death,,
1657,comanda,command,,
1658,hotărât,decided,,
1659,iasă,out,,
1660,nr,No.,,
1661,km,km,,
1662,minţit,lied,,
1663,luam,take,,
1664,maşini,machinery,,
1665,dormit,sleep,,
1666,somn,sleep,,
1667,călătorie,travel,,
1668,cunoştinţă,acquaintance,,
1669,plăti,payment,,
1670,aruncă,throws,,
1671,cunoaşte,know,,
1672,muzică,the music,,
1673,criminal,criminal,,
1674,haideti,come on,,
1675,mâini,hands,,
1676,jucăm,play,,
1677,legatura,link,,
1678,plecam,leave,,
1679,uşurel,gently,,
1680,erou,hero,,
1681,favoare,favor,,
1682,animal,animal,,
1683,li,them,,
1684,vinovat,guilty,,
1685,mã,me,,
1686,puternică,strong,,
1687,păţit,happened,,
1688,banca,the bank,,
1689,băgat,involved,,
1690,clipa,moment,,
1691,problemele,problems,,
1692,yeah,Yeah.,,
1693,misiunea,mission,,
1694,spuneam,said,,
1695,mănânc,eat,,
1696,convins,convinced,,
1697,vorbeam,talking,,
1698,necesar,necessary,,
1699,moare,dies,,
1700,adam,adamant,,
1701,isuse,Jesus,,
1702,părut,thought,,
1703,schimbă,change,,
1704,thomas,Thomas.,,
1705,mile,miles,,
1706,creat,made,,
1707,intraţi,come in,,
1708,urcă,get on,,
1709,trăiască,lives,,
1710,barbat,man,,
1711,public,public,,
1712,energie,energy,,
1713,dura,last,,
1714,vinde,sell,,
1715,pistolul,gun,,
1716,bat,knock on,,
1717,următoarea,following,,
1718,suflet,soul,,
1719,lase,leave,,
1720,teren,ground,,
1721,puteai,could,,
1722,vorbeste,speaks,,
1723,trăit,lived,,
1724,cont,account,,
1725,chem,call,,
1726,grozavă,great,,
1727,cutie,box,,
1728,pauză,pause,,
1729,guvernul,government,,
1730,uri,hate,,
1731,pună,Puna,,
1732,răspunsul,the answer,,
1733,copiilor,children,,
1734,intrăm,enter,,
1735,brian,Brian,,
1736,mânca,eat,,
1737,televizor,TV,,
1738,nasul,nose,,
1739,team,fear,,
1740,modul,module,,
1741,barca,Boat,,
1742,încântat,Pleased,,
1743,beat,drunk,,
1744,liberă,free,,
1745,neagră,black,,
1746,cind,WHEN,,
1747,vorbiţi,do you speak,,
1748,curaj,Courage,,
1749,ordin,order,,
1750,ceri,ask,,
1751,soare,sun,,
1752,trist,sad,,
1753,politia,the police,,
1754,oferi,offer,,
1755,anna,Anna,,
1756,bogat,rich,,
1757,washington,Washington,,
1758,pete,spots,,
1759,apartament,apartment,,
1760,praf,dust,,
1761,vineri,Friday,,
1762,martin,Martini,,
1763,verificat,verifier,,
1764,atins,reached,,
1765,urmărit,followed,,
1766,fotbal,football,,
1767,walter,Walter,,
1768,descurci,deal,,
1769,lovitură,coup,,
1770,zonă,area,,
1771,treacă,passing,,
1772,liniştit,quiet,,
1773,tren,train,,
1774,totusi,however,,
1775,vorbind,speech,,
1776,pierdem,lose,,
1777,lasat,dropped off,,
1778,armată,army,,
1779,r,R,,
1780,condus,driving,,
1781,porc,pig,,
1782,pregătiţi,prepared,,
1783,culcare,sleep,,
1784,poată,can,,
1785,păr,hair,,
1786,permis,allowed,,
1787,kate,Kate,,
1788,patul,the bed,,
1789,venim,come,,
1790,dave,Dave,,
1791,intelegi,understand,,
1792,by,By.,,
1793,milă,mercy,,
1794,uimitor,amazing,,
1795,gheaţă,ice,,
1796,şef,head,,
1797,şefu,governor,,
1798,căutăm,we are looking for,,
1799,adio,Farewell,,
1800,dră,DRA,,
1801,reusit,successful,,
1802,fantastic,fantastic,,
1803,întuneric,darkness,,
1804,arătat,showed,,
1805,kevin,Kevin,,
1806,foloseşti,use,,
1807,dur,rough,,
1808,plânge,cry,,
1809,vai,Oh my,,
1810,arate,plowing,,
1811,realitate,reality,,
1812,dificil,difficult,,
1813,carl,Carl,,
1814,matt,Matta,,
1815,oraşului,city,,
1816,cumpăr,I buy,,
1817,rugăm,Please,,
1818,istoria,the history,,
1819,anglia,England,,
1820,ocazia,opportunity,,
1821,arunca,THROW,,
1822,motive,reason,,
1823,întrebam,wondering,,
1824,zeu,god,,
1825,înaintea,prior to,,
1826,aranjat,trim,,
1827,acestor,these,,
1828,sistem,system,,
1829,treia,third,,
1830,înnebunit,mad,,
1831,miss,Miss,,
1832,ridica,pick up,,
1833,şansa,chance,,
1834,oricând,whenever,,
1835,durerea,pain,,
1836,andy,Andy.,,
1837,urgenţă,expedite,,
1838,găsească,FIND,,
1839,ridicat,picked up,,
1840,ocupa,busy,,
1841,necazuri,trouble,,
1842,vizită,visit,,
1843,corp,body,,
1844,albă,white,,
1845,costum,costume,,
1846,foloseşte,uses,,
1847,bărbatul,man,,
1848,gunoi,trash,,
1849,vroia,wanted,,
1850,flori,FLORA,,
1851,încolo,away,,
1852,anii,years,,
1853,verific,CHECK,,
1854,visul,the dream,,
1855,bord,board,,
1856,ofer,I offer,,
1857,astazi,today,,
1858,bag,Bag,,
1859,dragut,cute,,
1860,culcat,lying down,,
1861,locuiesc,I live,,
1862,astia,these,,
1863,sansa,chance,,
1864,poze,PICTURES,,
1865,me,Me,,
1866,stiut,know,,
1867,scenă,scene,,
1868,înţelegere,understanding,,
1869,bancă,the bank,,
1870,ambele,both,,
1871,parca,park,,
1872,rock,rock,,
1873,catre,by,,
1874,linie,line,,
1875,securitate,security,,
1876,rezolva,solve,,
1877,nopţii,night,,
1878,tinere,youth,,
1879,scăpa,get rid,,
1880,deştept,smart,,
1881,istorie,history,,
1882,rele,bad,,
1883,continui,continue,,
1884,scrii,write,,
1885,lapte,milk,,
1886,aşadar,therefore,,
1887,distracţie,amusement,,
1888,dovezi,evidence,,
1889,zilei,day,,
1890,roma,Rome,,
1891,aflăm,are,,
1892,privinţa,regard,,
1893,înveţi,learn,,
1894,pielea,skin,,
1895,tie,to you,,
1896,suport,support,,
1897,oricare,either one,,
1898,fred,Fred,,
1899,importante,important,,
1900,întrebarea,the question,,
1901,dan,Dan.,,
1902,bază,the base,,
1903,situaţie,situation,,
1904,priviţi,look,,
1905,u,U.,,
1906,vândut,sold,,
1907,merci,thanks,,
1908,scapi,Lose,,
1909,poză,picture,,
1910,vara,summer,,
1911,restaurant,restaurant,,
1912,interesat,interested,,
1913,biserica,the church,,
1914,acei,those,,
1915,datorită,due to,,
1916,costă,cost,,
1917,proces,trial,,
1918,luptat,FOUGHT,,
1919,culoare,color,,
1920,crima,crime,,
1921,calul,the horse,,
1922,chef,binge,,
1923,făceam,doing,,
1924,dumneavoastra,your,,
1925,detectiv,detective,,
1926,scumpule,deary,,
1927,pariez,pariah,,
1928,peşte,over,,
1929,secrete,secret,,
1930,creierul,brains,,
1931,gresit,wrong,,
1932,bănuiesc,I presume,,
1933,langa,Besides,,
1934,calm,calm,,
1935,gust,taste,,
1936,puştiule,kid,,
1937,arthur,Arthur,,
1938,nebuni,crazy,,
1939,iisus,Jesus,,
1940,autobuz,bus,,
1941,biserică,the church,,
1942,rămână,stay,,
1943,apreciez,I appreciate,,
1944,nevasta,wife,,
1945,nuntă,Wedding,,
1946,cai,repent,,
1947,făcută,made,,
1948,programul,program,,
1949,lucy,Lucy,,
1950,alţi,other,,
1951,amin,Amen,,
1952,cinste,honor,,
1953,insula,the island,,
1954,tânără,girl,,
1955,cutia,box,,
1956,aducă,bring,,
1957,regret,regret,,
1958,william,William,,
1959,fericire,happiness,,
1960,nervos,nervous,,
1961,ucid,killing,,
1962,gandit,thought,,
1963,veniti,coming,,
1964,liceu,high school,,
1965,poza,picture,,
1966,extraordinar,extraordinary,,
1967,durează,takes,,
1968,gratis,gratis,,
1969,ordinele,orders,,
1970,uităm,look,,
1971,cumperi,buy,,
1972,scena,scene,,
1973,primeşti,you get,,
1974,annie,annie,,
1975,sotul,husband,,
1976,curtea,court,,
1977,sticlă,glass,,
1978,pâna,until,,
1979,degrabă,rather,,
1980,reuşi,SUCCEED,,
1981,afle,learn,,
1982,lasi,leave,,
1983,lovitura,coup,,
1984,bucătărie,kitchen,,
1985,poliţiei,police,,
1986,magazinul,shop,,
1987,tăiat,cut,,
1988,mâncăm,eat,,
1989,geanta,bag,,
1990,băutură,drink,,
1991,omoară,killing,,
1992,prânz,Lunch,,
1993,cauză,Cause,,
1994,taie,cut,,
1995,rezolvat,solved,,
1996,claire,CLAIR,,
1997,misca,move,,
1998,seamănă,resembles,,
1999,scoatem,out,,
2000,stati,stay,,